UNIDADE,DISTRITO,AREA,INDICADOR,BIENIO,VALOR,X,Y,DESCRICAO
CS ABRAÃO,Continente,570,PERC_ENCAMINHAMENTO,2013/2014,11,-48.596048,-27.603667,"Coordenador: Sandra Elizabete Just<br>Horários: 08:00 - 12:00 / 13:00 - 17:00<br>Endereço: R. João Meirelles, s/n. <br>T: (48) 3249-5844 / 3249-5962"
CS ABRAÃO,Continente,572,PERC_ENCAMINHAMENTO,2015/2016,15,-48.596048,-27.603667,"Coordenador: Sandra Elizabete Just<br>Horários: 08:00 - 12:00 / 13:00 - 17:00<br>Endereço: R. João Meirelles, s/n. <br>T: (48) 3249-5844 / 3249-5962"
CS ABRAÃO,Continente,571,PERC_ENCAMINHAMENTO,2015/2016,13,-48.596048,-27.603667,"Coordenador: Sandra Elizabete Just<br>Horários: 08:00 - 12:00 / 13:00 - 17:00<br>Endereço: R. João Meirelles, s/n. <br>T: (48) 3249-5844 / 3249-5962"
CS ABRAÃO,Continente,572,PERC_ENCAMINHAMENTO,2013/2014,16,-48.596048,-27.603667,"Coordenador: Sandra Elizabete Just<br>Horários: 08:00 - 12:00 / 13:00 - 17:00<br>Endereço: R. João Meirelles, s/n. <br>T: (48) 3249-5844 / 3249-5962"
CS ABRAÃO,Continente,570,PERC_ENCAMINHAMENTO,2015/2016,11,-48.596048,-27.603667,"Coordenador: Sandra Elizabete Just<br>Horários: 08:00 - 12:00 / 13:00 - 17:00<br>Endereço: R. João Meirelles, s/n. <br>T: (48) 3249-5844 / 3249-5962"
CS ABRAÃO,Continente,571,PERC_ENCAMINHAMENTO,2013/2014,16,-48.596048,-27.603667,"Coordenador: Sandra Elizabete Just<br>Horários: 08:00 - 12:00 / 13:00 - 17:00<br>Endereço: R. João Meirelles, s/n. <br>T: (48) 3249-5844 / 3249-5962"
CS AGRONÔMICA,Centro,693,PERC_ENCAMINHAMENTO,2013/2014,13,-48.537053,-27.574558,"Coordenador: Vanessa Andrade<br>Horários: 08:00 - 12:00 / 13:00 - 17:00<br>Endereço: R. Rui Barbosa, s/n. <br>T: (48) 3228-1310 / 3228-1809"
CS AGRONÔMICA,Centro,690,PERC_ENCAMINHAMENTO,2015/2016,9,-48.537053,-27.574558,"Coordenador: Vanessa Andrade<br>Horários: 08:00 - 12:00 / 13:00 - 17:00<br>Endereço: R. Rui Barbosa, s/n. <br>T: (48) 3228-1310 / 3228-1809"
CS AGRONÔMICA,Centro,692,PERC_ENCAMINHAMENTO,2015/2016,12,-48.537053,-27.574558,"Coordenador: Vanessa Andrade<br>Horários: 08:00 - 12:00 / 13:00 - 17:00<br>Endereço: R. Rui Barbosa, s/n. <br>T: (48) 3228-1310 / 3228-1809"
CS AGRONÔMICA,Centro,690,PERC_ENCAMINHAMENTO,2013/2014,16,-48.537053,-27.574558,"Coordenador: Vanessa Andrade<br>Horários: 08:00 - 12:00 / 13:00 - 17:00<br>Endereço: R. Rui Barbosa, s/n. <br>T: (48) 3228-1310 / 3228-1809"
CS AGRONÔMICA,Centro,691,PERC_ENCAMINHAMENTO,2013/2014,14,-48.537053,-27.574558,"Coordenador: Vanessa Andrade<br>Horários: 08:00 - 12:00 / 13:00 - 17:00<br>Endereço: R. Rui Barbosa, s/n. <br>T: (48) 3228-1310 / 3228-1809"
CS AGRONÔMICA,Centro,691,PERC_ENCAMINHAMENTO,2015/2016,11,-48.537053,-27.574558,"Coordenador: Vanessa Andrade<br>Horários: 08:00 - 12:00 / 13:00 - 17:00<br>Endereço: R. Rui Barbosa, s/n. <br>T: (48) 3228-1310 / 3228-1809"
CS AGRONÔMICA,Centro,693,PERC_ENCAMINHAMENTO,2015/2016,11,-48.537053,-27.574558,"Coordenador: Vanessa Andrade<br>Horários: 08:00 - 12:00 / 13:00 - 17:00<br>Endereço: R. Rui Barbosa, s/n. <br>T: (48) 3228-1310 / 3228-1809"
CS AGRONÔMICA,Centro,692,PERC_ENCAMINHAMENTO,2013/2014,13,-48.537053,-27.574558,"Coordenador: Vanessa Andrade<br>Horários: 08:00 - 12:00 / 13:00 - 17:00<br>Endereço: R. Rui Barbosa, s/n. <br>T: (48) 3228-1310 / 3228-1809"
CS ALTO RIBEIRÃO,Sul,210,PERC_ENCAMINHAMENTO,2013/2014,11,-48.533872,-27.703927,"Coordenador: Laércio Gnecco<br>Horários: 08:00 - 12:00 / 13:00 - 17:00<br>Endereço: R:Severiano Firmino Martins, 69.<br>T: (48) 3269-9917 / 3233-3989"
CS ALTO RIBEIRÃO,Sul,210,PERC_ENCAMINHAMENTO,2015/2016,12,-48.533872,-27.703927,"Coordenador: Laércio Gnecco<br>Horários: 08:00 - 12:00 / 13:00 - 17:00<br>Endereço: R:Severiano Firmino Martins, 69.<br>T: (48) 3269-9917 / 3233-3989"
CS ARMAÇÃO,Sul,240,PERC_ENCAMINHAMENTO,2013/2014,9,-48.510121,-27.752719,"Coordenador: Laura Denize Reboa Castillo<br>Horários: 08:00 - 12:00 / 13:00 - 17:00<br>Endereço: Rod. SC-406, 6.074.<br>T: (48) 3389-5014 / 3389-5120"
CS ARMAÇÃO,Sul,242,PERC_ENCAMINHAMENTO,2013/2014,11,-48.510121,-27.752719,"Coordenador: Laura Denize Reboa Castillo<br>Horários: 08:00 - 12:00 / 13:00 - 17:00<br>Endereço: Rod. SC-406, 6.074.<br>T: (48) 3389-5014 / 3389-5120"
CS ARMAÇÃO,Sul,242,PERC_ENCAMINHAMENTO,2015/2016,8,-48.510121,-27.752719,"Coordenador: Laura Denize Reboa Castillo<br>Horários: 08:00 - 12:00 / 13:00 - 17:00<br>Endereço: Rod. SC-406, 6.074.<br>T: (48) 3389-5014 / 3389-5120"
CS ARMAÇÃO,Sul,241,PERC_ENCAMINHAMENTO,2015/2016,8,-48.510121,-27.752719,"Coordenador: Laura Denize Reboa Castillo<br>Horários: 08:00 - 12:00 / 13:00 - 17:00<br>Endereço: Rod. SC-406, 6.074.<br>T: (48) 3389-5014 / 3389-5120"
CS ARMAÇÃO,Sul,241,PERC_ENCAMINHAMENTO,2013/2014,12,-48.510121,-27.752719,"Coordenador: Laura Denize Reboa Castillo<br>Horários: 08:00 - 12:00 / 13:00 - 17:00<br>Endereço: Rod. SC-406, 6.074.<br>T: (48) 3389-5014 / 3389-5120"
CS ARMAÇÃO,Sul,240,PERC_ENCAMINHAMENTO,2015/2016,7,-48.510121,-27.752719,"Coordenador: Laura Denize Reboa Castillo<br>Horários: 08:00 - 12:00 / 13:00 - 17:00<br>Endereço: Rod. SC-406, 6.074.<br>T: (48) 3389-5014 / 3389-5120"
CS BALNEÁRIO,Continente,21,PERC_ENCAMINHAMENTO,2015/2016,12,-48.583331,-27.579612,"Coordenador: Júlio Cesar de Almeida Fogliato<br>Horários: 08:00 - 12:00 / 13:00 - 17:00<br>Endereço: Av. Santa Catarina, 1.570. <br>T: (48) 3248-1620 / 3244-4904"
CS BALNEÁRIO,Continente,20,PERC_ENCAMINHAMENTO,2013/2014,14,-48.583331,-27.579612,"Coordenador: Júlio Cesar de Almeida Fogliato<br>Horários: 08:00 - 12:00 / 13:00 - 17:00<br>Endereço: Av. Santa Catarina, 1.570. <br>T: (48) 3248-1620 / 3244-4904"
CS BALNEÁRIO,Continente,20,PERC_ENCAMINHAMENTO,2015/2016,14,-48.583331,-27.579612,"Coordenador: Júlio Cesar de Almeida Fogliato<br>Horários: 08:00 - 12:00 / 13:00 - 17:00<br>Endereço: Av. Santa Catarina, 1.570. <br>T: (48) 3248-1620 / 3244-4904"
CS BALNEÁRIO,Continente,21,PERC_ENCAMINHAMENTO,2013/2014,16,-48.583331,-27.579612,"Coordenador: Júlio Cesar de Almeida Fogliato<br>Horários: 08:00 - 12:00 / 13:00 - 17:00<br>Endereço: Av. Santa Catarina, 1.570. <br>T: (48) 3248-1620 / 3244-4904"
CS BARRA DA LAGOA,Norte,441,PERC_ENCAMINHAMENTO,2015/2016,9,-48.433335,-27.578852,"Coordenador: Elizabete Amódio Estorílio<br>Horários: 08:00 - 12:00 / 13:00 - 17:00<br>Endereço: R. Altamiro Barcelos Dutra, 659.<br>T: (48) 3232-3302 / 3226-7281"
CS BARRA DA LAGOA,Norte,442,PERC_ENCAMINHAMENTO,2015/2016,12,-48.433335,-27.578852,"Coordenador: Elizabete Amódio Estorílio<br>Horários: 08:00 - 12:00 / 13:00 - 17:00<br>Endereço: R. Altamiro Barcelos Dutra, 659.<br>T: (48) 3232-3302 / 3226-7281"
CS BARRA DA LAGOA,Norte,440,PERC_ENCAMINHAMENTO,2013/2014,14,-48.433335,-27.578852,"Coordenador: Elizabete Amódio Estorílio<br>Horários: 08:00 - 12:00 / 13:00 - 17:00<br>Endereço: R. Altamiro Barcelos Dutra, 659.<br>T: (48) 3232-3302 / 3226-7281"
CS BARRA DA LAGOA,Norte,442,PERC_ENCAMINHAMENTO,2013/2014,12,-48.433335,-27.578852,"Coordenador: Elizabete Amódio Estorílio<br>Horários: 08:00 - 12:00 / 13:00 - 17:00<br>Endereço: R. Altamiro Barcelos Dutra, 659.<br>T: (48) 3232-3302 / 3226-7281"
CS BARRA DA LAGOA,Norte,441,PERC_ENCAMINHAMENTO,2013/2014,11,-48.433335,-27.578852,"Coordenador: Elizabete Amódio Estorílio<br>Horários: 08:00 - 12:00 / 13:00 - 17:00<br>Endereço: R. Altamiro Barcelos Dutra, 659.<br>T: (48) 3232-3302 / 3226-7281"
CS BARRA DA LAGOA,Norte,440,PERC_ENCAMINHAMENTO,2015/2016,11,-48.433335,-27.578852,"Coordenador: Elizabete Amódio Estorílio<br>Horários: 08:00 - 12:00 / 13:00 - 17:00<br>Endereço: R. Altamiro Barcelos Dutra, 659.<br>T: (48) 3232-3302 / 3226-7281"
CS CAMPECHE,Sul,281,PERC_ENCAMINHAMENTO,2015/2016,9,-48.493652,-27.68121,"Coordenador: Nilza Alves Bernardes <br>Horários: 08:00 - 12:00 / 13:00 - 17:00<br>Endereço: Av. Pequeno Príncipe, 1714.<br>T: (48) 3237-4524/ 3237-4074"
CS CAMPECHE,Sul,280,PERC_ENCAMINHAMENTO,2015/2016,10,-48.493652,-27.68121,"Coordenador: Nilza Alves Bernardes <br>Horários: 08:00 - 12:00 / 13:00 - 17:00<br>Endereço: Av. Pequeno Príncipe, 1714.<br>T: (48) 3237-4524/ 3237-4074"
CS CAMPECHE,Sul,281,PERC_ENCAMINHAMENTO,2013/2014,12,-48.493652,-27.68121,"Coordenador: Nilza Alves Bernardes <br>Horários: 08:00 - 12:00 / 13:00 - 17:00<br>Endereço: Av. Pequeno Príncipe, 1714.<br>T: (48) 3237-4524/ 3237-4074"
CS CAMPECHE,Sul,280,PERC_ENCAMINHAMENTO,2013/2014,13,-48.493652,-27.68121,"Coordenador: Nilza Alves Bernardes <br>Horários: 08:00 - 12:00 / 13:00 - 17:00<br>Endereço: Av. Pequeno Príncipe, 1714.<br>T: (48) 3237-4524/ 3237-4074"
CS CANASVIEIRAS,Norte,384,PERC_ENCAMINHAMENTO,2015/2016,13,-48.456506,-27.451944,"Coordenador: Bruno de Lima Bertuol<br>Horários: 08:00 - 12:00 / 13:00 - 17:00<br>Endereço: Rod. Francisco Faustino Martins, confluências SC 401 e SC 403.<br>T: (48) 3269-6902 / 3284-3051"
CS CANASVIEIRAS,Norte,384,PERC_ENCAMINHAMENTO,2013/2014,14,-48.456506,-27.451944,"Coordenador: Bruno de Lima Bertuol<br>Horários: 08:00 - 12:00 / 13:00 - 17:00<br>Endereço: Rod. Francisco Faustino Martins, confluências SC 401 e SC 403.<br>T: (48) 3269-6902 / 3284-3051"
CS CANASVIEIRAS,Norte,380,PERC_ENCAMINHAMENTO,2013/2014,14,-48.456506,-27.451944,"Coordenador: Bruno de Lima Bertuol<br>Horários: 08:00 - 12:00 / 13:00 - 17:00<br>Endereço: Rod. Francisco Faustino Martins, confluências SC 401 e SC 403.<br>T: (48) 3269-6902 / 3284-3051"
CS CANASVIEIRAS,Norte,380,PERC_ENCAMINHAMENTO,2015/2016,15,-48.456506,-27.451944,"Coordenador: Bruno de Lima Bertuol<br>Horários: 08:00 - 12:00 / 13:00 - 17:00<br>Endereço: Rod. Francisco Faustino Martins, confluências SC 401 e SC 403.<br>T: (48) 3269-6902 / 3284-3051"
CS CANASVIEIRAS,Norte,383,PERC_ENCAMINHAMENTO,2013/2014,10,-48.456506,-27.451944,"Coordenador: Bruno de Lima Bertuol<br>Horários: 08:00 - 12:00 / 13:00 - 17:00<br>Endereço: Rod. Francisco Faustino Martins, confluências SC 401 e SC 403.<br>T: (48) 3269-6902 / 3284-3051"
CS CANASVIEIRAS,Norte,383,PERC_ENCAMINHAMENTO,2015/2016,10,-48.456506,-27.451944,"Coordenador: Bruno de Lima Bertuol<br>Horários: 08:00 - 12:00 / 13:00 - 17:00<br>Endereço: Rod. Francisco Faustino Martins, confluências SC 401 e SC 403.<br>T: (48) 3269-6902 / 3284-3051"
CS CANASVIEIRAS,Norte,382,PERC_ENCAMINHAMENTO,2013/2014,14,-48.456506,-27.451944,"Coordenador: Bruno de Lima Bertuol<br>Horários: 08:00 - 12:00 / 13:00 - 17:00<br>Endereço: Rod. Francisco Faustino Martins, confluências SC 401 e SC 403.<br>T: (48) 3269-6902 / 3284-3051"
CS CANASVIEIRAS,Norte,382,PERC_ENCAMINHAMENTO,2015/2016,9,-48.456506,-27.451944,"Coordenador: Bruno de Lima Bertuol<br>Horários: 08:00 - 12:00 / 13:00 - 17:00<br>Endereço: Rod. Francisco Faustino Martins, confluências SC 401 e SC 403.<br>T: (48) 3269-6902 / 3284-3051"
CS CANASVIEIRAS,Norte,381,PERC_ENCAMINHAMENTO,2013/2014,13,-48.456506,-27.451944,"Coordenador: Bruno de Lima Bertuol<br>Horários: 08:00 - 12:00 / 13:00 - 17:00<br>Endereço: Rod. Francisco Faustino Martins, confluências SC 401 e SC 403.<br>T: (48) 3269-6902 / 3284-3051"
CS CANASVIEIRAS,Norte,381,PERC_ENCAMINHAMENTO,2015/2016,11,-48.456506,-27.451944,"Coordenador: Bruno de Lima Bertuol<br>Horários: 08:00 - 12:00 / 13:00 - 17:00<br>Endereço: Rod. Francisco Faustino Martins, confluências SC 401 e SC 403.<br>T: (48) 3269-6902 / 3284-3051"
CS CANTO DA LAGOA,Sul,450,PERC_ENCAMINHAMENTO,2015/2016,12,-48.484203,-27.616076,"Coordenador: Luis Hass de Souza Neto<br>Horários: 08:00 - 12:00 / 13:00 - 17:00<br>Endereço: Rua Laurindo Januário da Silveira, 2507.<br>T: (48) 3232-6121"
CS CANTO DA LAGOA,Sul,450,PERC_ENCAMINHAMENTO,2013/2014,14,-48.484203,-27.616076,"Coordenador: Luis Hass de Souza Neto<br>Horários: 08:00 - 12:00 / 13:00 - 17:00<br>Endereço: Rua Laurindo Januário da Silveira, 2507.<br>T: (48) 3232-6121"
CS CAPOEIRAS,Continente,62,PERC_ENCAMINHAMENTO,2013/2014,8,-48.59721,-27.597039,"Coordenador: Arlete Ema Simão Kasper<br>Horários: 08:00 - 12:00 / 13:00 - 17:00<br>Endereço: R. Irmã Bonavita, 286.<br>T: (48) 3248-1621 / 3248-1740"
CS CAPOEIRAS,Continente,61,PERC_ENCAMINHAMENTO,2013/2014,6,-48.59721,-27.597039,"Coordenador: Arlete Ema Simão Kasper<br>Horários: 08:00 - 12:00 / 13:00 - 17:00<br>Endereço: R. Irmã Bonavita, 286.<br>T: (48) 3248-1621 / 3248-1740"
CS CAPOEIRAS,Continente,62,PERC_ENCAMINHAMENTO,2015/2016,8,-48.59721,-27.597039,"Coordenador: Arlete Ema Simão Kasper<br>Horários: 08:00 - 12:00 / 13:00 - 17:00<br>Endereço: R. Irmã Bonavita, 286.<br>T: (48) 3248-1621 / 3248-1740"
CS CAPOEIRAS,Continente,61,PERC_ENCAMINHAMENTO,2015/2016,6,-48.59721,-27.597039,"Coordenador: Arlete Ema Simão Kasper<br>Horários: 08:00 - 12:00 / 13:00 - 17:00<br>Endereço: R. Irmã Bonavita, 286.<br>T: (48) 3248-1621 / 3248-1740"
CS CAPOEIRAS,Continente,60,PERC_ENCAMINHAMENTO,2013/2014,9,-48.59721,-27.597039,"Coordenador: Arlete Ema Simão Kasper<br>Horários: 08:00 - 12:00 / 13:00 - 17:00<br>Endereço: R. Irmã Bonavita, 286.<br>T: (48) 3248-1621 / 3248-1740"
CS CAPOEIRAS,Continente,60,PERC_ENCAMINHAMENTO,2015/2016,10,-48.59721,-27.597039,"Coordenador: Arlete Ema Simão Kasper<br>Horários: 08:00 - 12:00 / 13:00 - 17:00<br>Endereço: R. Irmã Bonavita, 286.<br>T: (48) 3248-1621 / 3248-1740"
CS CARIANOS,Sul,270,PERC_ENCAMINHAMENTO,2015/2016,8,-48.536299,-27.665946,"Coordenador: Caren Della Méa da Fonseca<br>Horários: 08:00 - 12:00 / 13:00 - 17:00<br>Endereço: R. Ver. Osvaldo Bittercourt, s/n.<br>T: (48) 3338-1125 / 3236-1333"
CS CARIANOS,Sul,270,PERC_ENCAMINHAMENTO,2013/2014,8,-48.536299,-27.665946,"Coordenador: Caren Della Méa da Fonseca<br>Horários: 08:00 - 12:00 / 13:00 - 17:00<br>Endereço: R. Ver. Osvaldo Bittercourt, s/n.<br>T: (48) 3338-1125 / 3236-1333"
CS CARIANOS,Sul,271,PERC_ENCAMINHAMENTO,2015/2016,6,-48.536299,-27.665946,"Coordenador: Caren Della Méa da Fonseca<br>Horários: 08:00 - 12:00 / 13:00 - 17:00<br>Endereço: R. Ver. Osvaldo Bittercourt, s/n.<br>T: (48) 3338-1125 / 3236-1333"
CS CARIANOS,Sul,272,PERC_ENCAMINHAMENTO,2013/2014,10,-48.536299,-27.665946,"Coordenador: Caren Della Méa da Fonseca<br>Horários: 08:00 - 12:00 / 13:00 - 17:00<br>Endereço: R. Ver. Osvaldo Bittercourt, s/n.<br>T: (48) 3338-1125 / 3236-1333"
CS CARIANOS,Sul,271,PERC_ENCAMINHAMENTO,2013/2014,10,-48.536299,-27.665946,"Coordenador: Caren Della Méa da Fonseca<br>Horários: 08:00 - 12:00 / 13:00 - 17:00<br>Endereço: R. Ver. Osvaldo Bittercourt, s/n.<br>T: (48) 3338-1125 / 3236-1333"
CS CARIANOS,Sul,272,PERC_ENCAMINHAMENTO,2015/2016,8,-48.536299,-27.665946,"Coordenador: Caren Della Méa da Fonseca<br>Horários: 08:00 - 12:00 / 13:00 - 17:00<br>Endereço: R. Ver. Osvaldo Bittercourt, s/n.<br>T: (48) 3338-1125 / 3236-1333"
CS CENTRO,Centro,951,PERC_ENCAMINHAMENTO,2013/2014,16,-48.557396,-27.59272,"Coordenador: Wilmar José Elias Júnior<br>Horários: 08:00 - 12:00 / 13:00 - 17:00<br>Endereço: Av. Rio Branco,90.<br>T: (48) 3952-0123 / 3952-0127 / 3952-0124"
CS CENTRO,Centro,951,PERC_ENCAMINHAMENTO,2015/2016,18,-48.557396,-27.59272,"Coordenador: Wilmar José Elias Júnior<br>Horários: 08:00 - 12:00 / 13:00 - 17:00<br>Endereço: Av. Rio Branco,90.<br>T: (48) 3952-0123 / 3952-0127 / 3952-0124"
CS CENTRO,Centro,952,PERC_ENCAMINHAMENTO,2015/2016,15,-48.557396,-27.59272,"Coordenador: Wilmar José Elias Júnior<br>Horários: 08:00 - 12:00 / 13:00 - 17:00<br>Endereço: Av. Rio Branco,90.<br>T: (48) 3952-0123 / 3952-0127 / 3952-0124"
CS CENTRO,Centro,952,PERC_ENCAMINHAMENTO,2013/2014,14,-48.557396,-27.59272,"Coordenador: Wilmar José Elias Júnior<br>Horários: 08:00 - 12:00 / 13:00 - 17:00<br>Endereço: Av. Rio Branco,90.<br>T: (48) 3952-0123 / 3952-0127 / 3952-0124"
CS CENTRO,Centro,950,PERC_ENCAMINHAMENTO,2015/2016,12,-48.557396,-27.59272,"Coordenador: Wilmar José Elias Júnior<br>Horários: 08:00 - 12:00 / 13:00 - 17:00<br>Endereço: Av. Rio Branco,90.<br>T: (48) 3952-0123 / 3952-0127 / 3952-0124"
CS CENTRO,Centro,950,PERC_ENCAMINHAMENTO,2013/2014,12,-48.557396,-27.59272,"Coordenador: Wilmar José Elias Júnior<br>Horários: 08:00 - 12:00 / 13:00 - 17:00<br>Endereço: Av. Rio Branco,90.<br>T: (48) 3952-0123 / 3952-0127 / 3952-0124"
CS COLONINHA,Continente,70,PERC_ENCAMINHAMENTO,2015/2016,9,-48.591735,-27.590368,"Coordenador: Kelly Maciel Silva<br>Horários: 08:00 - 12:00 / 13:00 - 17:00<br>Endereço: R. Aracy Vaz Callado, 1830.<br>T: (48) 3244-2891 / 3244-4902"
CS COLONINHA,Continente,72,PERC_ENCAMINHAMENTO,2013/2014,12,-48.591735,-27.590368,"Coordenador: Kelly Maciel Silva<br>Horários: 08:00 - 12:00 / 13:00 - 17:00<br>Endereço: R. Aracy Vaz Callado, 1830.<br>T: (48) 3244-2891 / 3244-4902"
CS COLONINHA,Continente,71,PERC_ENCAMINHAMENTO,2013/2014,12,-48.591735,-27.590368,"Coordenador: Kelly Maciel Silva<br>Horários: 08:00 - 12:00 / 13:00 - 17:00<br>Endereço: R. Aracy Vaz Callado, 1830.<br>T: (48) 3244-2891 / 3244-4902"
CS COLONINHA,Continente,72,PERC_ENCAMINHAMENTO,2015/2016,11,-48.591735,-27.590368,"Coordenador: Kelly Maciel Silva<br>Horários: 08:00 - 12:00 / 13:00 - 17:00<br>Endereço: R. Aracy Vaz Callado, 1830.<br>T: (48) 3244-2891 / 3244-4902"
CS COLONINHA,Continente,70,PERC_ENCAMINHAMENTO,2013/2014,12,-48.591735,-27.590368,"Coordenador: Kelly Maciel Silva<br>Horários: 08:00 - 12:00 / 13:00 - 17:00<br>Endereço: R. Aracy Vaz Callado, 1830.<br>T: (48) 3244-2891 / 3244-4902"
CS COLONINHA,Continente,71,PERC_ENCAMINHAMENTO,2015/2016,11,-48.591735,-27.590368,"Coordenador: Kelly Maciel Silva<br>Horários: 08:00 - 12:00 / 13:00 - 17:00<br>Endereço: R. Aracy Vaz Callado, 1830.<br>T: (48) 3244-2891 / 3244-4902"
CS COQUEIROS,Continente,600,PERC_ENCAMINHAMENTO,2013/2014,10,-48.575664,-27.602895,Coordenador: Pierre Guedes de Araújo<br>Horários: 08:00 - 12:00 / 13:00 - 17:00<br>Endereço: Av: Engenheiro Max de Souza s/n.  T: (48) 3248-0451 / 3241-6097
CS COQUEIROS,Continente,600,PERC_ENCAMINHAMENTO,2015/2016,7,-48.575664,-27.602895,Coordenador: Pierre Guedes de Araújo<br>Horários: 08:00 - 12:00 / 13:00 - 17:00<br>Endereço: Av: Engenheiro Max de Souza s/n.  T: (48) 3248-0451 / 3241-6097
CS COQUEIROS,Continente,602,PERC_ENCAMINHAMENTO,2013/2014,8,-48.575664,-27.602895,Coordenador: Pierre Guedes de Araújo<br>Horários: 08:00 - 12:00 / 13:00 - 17:00<br>Endereço: Av: Engenheiro Max de Souza s/n.  T: (48) 3248-0451 / 3241-6097
CS COQUEIROS,Continente,602,PERC_ENCAMINHAMENTO,2015/2016,5,-48.575664,-27.602895,Coordenador: Pierre Guedes de Araújo<br>Horários: 08:00 - 12:00 / 13:00 - 17:00<br>Endereço: Av: Engenheiro Max de Souza s/n.  T: (48) 3248-0451 / 3241-6097
CS COQUEIROS,Continente,601,PERC_ENCAMINHAMENTO,2015/2016,7,-48.575664,-27.602895,Coordenador: Pierre Guedes de Araújo<br>Horários: 08:00 - 12:00 / 13:00 - 17:00<br>Endereço: Av: Engenheiro Max de Souza s/n.  T: (48) 3248-0451 / 3241-6097
CS COQUEIROS,Continente,601,PERC_ENCAMINHAMENTO,2013/2014,8,-48.575664,-27.602895,Coordenador: Pierre Guedes de Araújo<br>Horários: 08:00 - 12:00 / 13:00 - 17:00<br>Endereço: Av: Engenheiro Max de Souza s/n.  T: (48) 3248-0451 / 3241-6097
CS CÓRREGO GRANDE,Centro,171,PERC_ENCAMINHAMENTO,2015/2016,7,-48.503625,-27.600936,"Coordenador: Michelle Franzoni Vieira Nascimento<br>Horários: 08:00 - 12:00 / 13:00 - 17:00<br>Endereço: Rua João Pio Duarte da Silva, 1415. <br>T: (48) 3234-1328 / 3234-0291"
CS CÓRREGO GRANDE,Centro,171,PERC_ENCAMINHAMENTO,2013/2014,9,-48.503625,-27.600936,"Coordenador: Michelle Franzoni Vieira Nascimento<br>Horários: 08:00 - 12:00 / 13:00 - 17:00<br>Endereço: Rua João Pio Duarte da Silva, 1415. <br>T: (48) 3234-1328 / 3234-0291"
CS CÓRREGO GRANDE,Centro,170,PERC_ENCAMINHAMENTO,2015/2016,6,-48.503625,-27.600936,"Coordenador: Michelle Franzoni Vieira Nascimento<br>Horários: 08:00 - 12:00 / 13:00 - 17:00<br>Endereço: Rua João Pio Duarte da Silva, 1415. <br>T: (48) 3234-1328 / 3234-0291"
CS CÓRREGO GRANDE,Centro,172,PERC_ENCAMINHAMENTO,2015/2016,6,-48.503625,-27.600936,"Coordenador: Michelle Franzoni Vieira Nascimento<br>Horários: 08:00 - 12:00 / 13:00 - 17:00<br>Endereço: Rua João Pio Duarte da Silva, 1415. <br>T: (48) 3234-1328 / 3234-0291"
CS CÓRREGO GRANDE,Centro,170,PERC_ENCAMINHAMENTO,2013/2014,8,-48.503625,-27.600936,"Coordenador: Michelle Franzoni Vieira Nascimento<br>Horários: 08:00 - 12:00 / 13:00 - 17:00<br>Endereço: Rua João Pio Duarte da Silva, 1415. <br>T: (48) 3234-1328 / 3234-0291"
CS CÓRREGO GRANDE,Centro,172,PERC_ENCAMINHAMENTO,2013/2014,8,-48.503625,-27.600936,"Coordenador: Michelle Franzoni Vieira Nascimento<br>Horários: 08:00 - 12:00 / 13:00 - 17:00<br>Endereço: Rua João Pio Duarte da Silva, 1415. <br>T: (48) 3234-1328 / 3234-0291"
CS COSTA DA LAGOA,Sul,460,PERC_ENCAMINHAMENTO,2015/2016,7,-48.461259,-27.542678,"Coordenador: Elisabeth Becker<br>Horários: 08:00 - 12:00 / 13:00 - 17:00<br>Endereço: Estrada Geral Costa da Lagoa, Ponto 16.<br>T: (48) 3335-3119 / 3335-3048"
CS COSTA DA LAGOA,Sul,460,PERC_ENCAMINHAMENTO,2013/2014,9,-48.461259,-27.542678,"Coordenador: Elisabeth Becker<br>Horários: 08:00 - 12:00 / 13:00 - 17:00<br>Endereço: Estrada Geral Costa da Lagoa, Ponto 16.<br>T: (48) 3335-3119 / 3335-3048"
CS COSTEIRA DO PIRAJUBAÉ,Sul,302,PERC_ENCAMINHAMENTO,2015/2016,10,-48.522723,-27.633588,"Coordenador: Ivana Leandro de Medeiros Zóccoli <br>Horários: 08:00 - 12:00 / 13:00 - 17:00<br>Endereço: R. João Câncio Jacques, 1.461.<br>T: (48) 3226-3333 / 3226-0933"
CS COSTEIRA DO PIRAJUBAÉ,Sul,301,PERC_ENCAMINHAMENTO,2013/2014,9,-48.522723,-27.633588,"Coordenador: Ivana Leandro de Medeiros Zóccoli <br>Horários: 08:00 - 12:00 / 13:00 - 17:00<br>Endereço: R. João Câncio Jacques, 1.461.<br>T: (48) 3226-3333 / 3226-0933"
CS COSTEIRA DO PIRAJUBAÉ,Sul,302,PERC_ENCAMINHAMENTO,2013/2014,11,-48.522723,-27.633588,"Coordenador: Ivana Leandro de Medeiros Zóccoli <br>Horários: 08:00 - 12:00 / 13:00 - 17:00<br>Endereço: R. João Câncio Jacques, 1.461.<br>T: (48) 3226-3333 / 3226-0933"
CS COSTEIRA DO PIRAJUBAÉ,Sul,300,PERC_ENCAMINHAMENTO,2015/2016,11,-48.522723,-27.633588,"Coordenador: Ivana Leandro de Medeiros Zóccoli <br>Horários: 08:00 - 12:00 / 13:00 - 17:00<br>Endereço: R. João Câncio Jacques, 1.461.<br>T: (48) 3226-3333 / 3226-0933"
CS COSTEIRA DO PIRAJUBAÉ,Sul,300,PERC_ENCAMINHAMENTO,2013/2014,9,-48.522723,-27.633588,"Coordenador: Ivana Leandro de Medeiros Zóccoli <br>Horários: 08:00 - 12:00 / 13:00 - 17:00<br>Endereço: R. João Câncio Jacques, 1.461.<br>T: (48) 3226-3333 / 3226-0933"
CS COSTEIRA DO PIRAJUBAÉ,Sul,301,PERC_ENCAMINHAMENTO,2015/2016,10,-48.522723,-27.633588,"Coordenador: Ivana Leandro de Medeiros Zóccoli <br>Horários: 08:00 - 12:00 / 13:00 - 17:00<br>Endereço: R. João Câncio Jacques, 1.461.<br>T: (48) 3226-3333 / 3226-0933"
CS ESTREITO,Continente,83,PERC_ENCAMINHAMENTO,2013/2014,7,-48.582742,-27.585567,"Coordenador: Patrícias Martins<br>Horários: 08:00 AS 12:00 / 13:00 AS 17:00<br>Endereço: R.  Aracy Vaz Callado, 742. <br>T: (48) 3244-1200 / 3348-5682"
CS ESTREITO,Continente,81,PERC_ENCAMINHAMENTO,2013/2014,12,-48.582742,-27.585567,"Coordenador: Patrícias Martins<br>Horários: 08:00 AS 12:00 / 13:00 AS 17:00<br>Endereço: R.  Aracy Vaz Callado, 742. <br>T: (48) 3244-1200 / 3348-5682"
CS ESTREITO,Continente,82,PERC_ENCAMINHAMENTO,2013/2014,15,-48.582742,-27.585567,"Coordenador: Patrícias Martins<br>Horários: 08:00 AS 12:00 / 13:00 AS 17:00<br>Endereço: R.  Aracy Vaz Callado, 742. <br>T: (48) 3244-1200 / 3348-5682"
CS ESTREITO,Continente,82,PERC_ENCAMINHAMENTO,2015/2016,7,-48.582742,-27.585567,"Coordenador: Patrícias Martins<br>Horários: 08:00 AS 12:00 / 13:00 AS 17:00<br>Endereço: R.  Aracy Vaz Callado, 742. <br>T: (48) 3244-1200 / 3348-5682"
CS ESTREITO,Continente,83,PERC_ENCAMINHAMENTO,2015/2016,7,-48.582742,-27.585567,"Coordenador: Patrícias Martins<br>Horários: 08:00 AS 12:00 / 13:00 AS 17:00<br>Endereço: R.  Aracy Vaz Callado, 742. <br>T: (48) 3244-1200 / 3348-5682"
CS ESTREITO,Continente,80,PERC_ENCAMINHAMENTO,2013/2014,10,-48.582742,-27.585567,"Coordenador: Patrícias Martins<br>Horários: 08:00 AS 12:00 / 13:00 AS 17:00<br>Endereço: R.  Aracy Vaz Callado, 742. <br>T: (48) 3244-1200 / 3348-5682"
CS ESTREITO,Continente,81,PERC_ENCAMINHAMENTO,2015/2016,5,-48.582742,-27.585567,"Coordenador: Patrícias Martins<br>Horários: 08:00 AS 12:00 / 13:00 AS 17:00<br>Endereço: R.  Aracy Vaz Callado, 742. <br>T: (48) 3244-1200 / 3348-5682"
CS ESTREITO,Continente,80,PERC_ENCAMINHAMENTO,2015/2016,8,-48.582742,-27.585567,"Coordenador: Patrícias Martins<br>Horários: 08:00 AS 12:00 / 13:00 AS 17:00<br>Endereço: R.  Aracy Vaz Callado, 742. <br>T: (48) 3244-1200 / 3348-5682"
CS FAZENDA DO RIO TAVARES,Sul,781,PERC_ENCAMINHAMENTO,2015/2016,10,-48.502842,-27.664238,"Coordenador: Ana Lúcia de Paula Xavier<br>Horários: 08:00 - 12:00 / 13:00 - 17:00<br>Endereço: R. do Conselho, s/n.<br>T: (48) 3233-4347 / 3338-3049"
CS FAZENDA DO RIO TAVARES,Sul,780,PERC_ENCAMINHAMENTO,2013/2014,10,-48.502842,-27.664238,"Coordenador: Ana Lúcia de Paula Xavier<br>Horários: 08:00 - 12:00 / 13:00 - 17:00<br>Endereço: R. do Conselho, s/n.<br>T: (48) 3233-4347 / 3338-3049"
CS FAZENDA DO RIO TAVARES,Sul,780,PERC_ENCAMINHAMENTO,2015/2016,11,-48.502842,-27.664238,"Coordenador: Ana Lúcia de Paula Xavier<br>Horários: 08:00 - 12:00 / 13:00 - 17:00<br>Endereço: R. do Conselho, s/n.<br>T: (48) 3233-4347 / 3338-3049"
CS FAZENDA DO RIO TAVARES,Sul,781,PERC_ENCAMINHAMENTO,2013/2014,9,-48.502842,-27.664238,"Coordenador: Ana Lúcia de Paula Xavier<br>Horários: 08:00 - 12:00 / 13:00 - 17:00<br>Endereço: R. do Conselho, s/n.<br>T: (48) 3233-4347 / 3338-3049"
CS INGLESES,Norte,432,PERC_ENCAMINHAMENTO,2015/2016,9,-48.398855,-27.440017,"Coordenador: Henrique da Luz Daros<br>Horários: 08:00 - 12:00 / 13:00 - 17:00<br>Endereço: Travessa dos Imigrantes, 135. <br>T: (48) 3369-3229"
CS INGLESES,Norte,433,PERC_ENCAMINHAMENTO,2015/2016,10,-48.398855,-27.440017,"Coordenador: Henrique da Luz Daros<br>Horários: 08:00 - 12:00 / 13:00 - 17:00<br>Endereço: Travessa dos Imigrantes, 135. <br>T: (48) 3369-3229"
CS INGLESES,Norte,432,PERC_ENCAMINHAMENTO,2013/2014,10,-48.398855,-27.440017,"Coordenador: Henrique da Luz Daros<br>Horários: 08:00 - 12:00 / 13:00 - 17:00<br>Endereço: Travessa dos Imigrantes, 135. <br>T: (48) 3369-3229"
CS INGLESES,Norte,433,PERC_ENCAMINHAMENTO,2013/2014,12,-48.398855,-27.440017,"Coordenador: Henrique da Luz Daros<br>Horários: 08:00 - 12:00 / 13:00 - 17:00<br>Endereço: Travessa dos Imigrantes, 135. <br>T: (48) 3369-3229"
CS INGLESES,Norte,434,PERC_ENCAMINHAMENTO,2013/2014,12,-48.398855,-27.440017,"Coordenador: Henrique da Luz Daros<br>Horários: 08:00 - 12:00 / 13:00 - 17:00<br>Endereço: Travessa dos Imigrantes, 135. <br>T: (48) 3369-3229"
CS INGLESES,Norte,436,PERC_ENCAMINHAMENTO,2013/2014,10,-48.398855,-27.440017,"Coordenador: Henrique da Luz Daros<br>Horários: 08:00 - 12:00 / 13:00 - 17:00<br>Endereço: Travessa dos Imigrantes, 135. <br>T: (48) 3369-3229"
CS INGLESES,Norte,437,PERC_ENCAMINHAMENTO,2013/2014,9,-48.398855,-27.440017,"Coordenador: Henrique da Luz Daros<br>Horários: 08:00 - 12:00 / 13:00 - 17:00<br>Endereço: Travessa dos Imigrantes, 135. <br>T: (48) 3369-3229"
CS INGLESES,Norte,437,PERC_ENCAMINHAMENTO,2015/2016,8,-48.398855,-27.440017,"Coordenador: Henrique da Luz Daros<br>Horários: 08:00 - 12:00 / 13:00 - 17:00<br>Endereço: Travessa dos Imigrantes, 135. <br>T: (48) 3369-3229"
CS INGLESES,Norte,431,PERC_ENCAMINHAMENTO,2013/2014,9,-48.398855,-27.440017,"Coordenador: Henrique da Luz Daros<br>Horários: 08:00 - 12:00 / 13:00 - 17:00<br>Endereço: Travessa dos Imigrantes, 135. <br>T: (48) 3369-3229"
CS INGLESES,Norte,436,PERC_ENCAMINHAMENTO,2015/2016,9,-48.398855,-27.440017,"Coordenador: Henrique da Luz Daros<br>Horários: 08:00 - 12:00 / 13:00 - 17:00<br>Endereço: Travessa dos Imigrantes, 135. <br>T: (48) 3369-3229"
CS INGLESES,Norte,431,PERC_ENCAMINHAMENTO,2015/2016,8,-48.398855,-27.440017,"Coordenador: Henrique da Luz Daros<br>Horários: 08:00 - 12:00 / 13:00 - 17:00<br>Endereço: Travessa dos Imigrantes, 135. <br>T: (48) 3369-3229"
CS INGLESES,Norte,435,PERC_ENCAMINHAMENTO,2013/2014,11,-48.398855,-27.440017,"Coordenador: Henrique da Luz Daros<br>Horários: 08:00 - 12:00 / 13:00 - 17:00<br>Endereço: Travessa dos Imigrantes, 135. <br>T: (48) 3369-3229"
CS INGLESES,Norte,435,PERC_ENCAMINHAMENTO,2015/2016,10,-48.398855,-27.440017,"Coordenador: Henrique da Luz Daros<br>Horários: 08:00 - 12:00 / 13:00 - 17:00<br>Endereço: Travessa dos Imigrantes, 135. <br>T: (48) 3369-3229"
CS INGLESES,Norte,438,PERC_ENCAMINHAMENTO,2013/2014,10,-48.398855,-27.440017,"Coordenador: Henrique da Luz Daros<br>Horários: 08:00 - 12:00 / 13:00 - 17:00<br>Endereço: Travessa dos Imigrantes, 135. <br>T: (48) 3369-3229"
CS INGLESES,Norte,438,PERC_ENCAMINHAMENTO,2015/2016,9,-48.398855,-27.440017,"Coordenador: Henrique da Luz Daros<br>Horários: 08:00 - 12:00 / 13:00 - 17:00<br>Endereço: Travessa dos Imigrantes, 135. <br>T: (48) 3369-3229"
CS INGLESES,Norte,434,PERC_ENCAMINHAMENTO,2015/2016,11,-48.398855,-27.440017,"Coordenador: Henrique da Luz Daros<br>Horários: 08:00 - 12:00 / 13:00 - 17:00<br>Endereço: Travessa dos Imigrantes, 135. <br>T: (48) 3369-3229"
CS ITACORUBI,Centro,193,PERC_ENCAMINHAMENTO,2015/2016,7,-48.498226,-27.584645,"Coordenador: Denise Machado Longhi<br>Horários: 08:00 - 12:00 / 13:00 - 17:00<br>Endereço: Rod. Amaro Antônio Vieira, 2260.<br>T: (48) 3334-5555 / 3334-0096"
CS ITACORUBI,Centro,192,PERC_ENCAMINHAMENTO,2013/2014,9,-48.498226,-27.584645,"Coordenador: Denise Machado Longhi<br>Horários: 08:00 - 12:00 / 13:00 - 17:00<br>Endereço: Rod. Amaro Antônio Vieira, 2260.<br>T: (48) 3334-5555 / 3334-0096"
CS ITACORUBI,Centro,192,PERC_ENCAMINHAMENTO,2015/2016,9,-48.498226,-27.584645,"Coordenador: Denise Machado Longhi<br>Horários: 08:00 - 12:00 / 13:00 - 17:00<br>Endereço: Rod. Amaro Antônio Vieira, 2260.<br>T: (48) 3334-5555 / 3334-0096"
CS ITACORUBI,Centro,191,PERC_ENCAMINHAMENTO,2015/2016,5,-48.498226,-27.584645,"Coordenador: Denise Machado Longhi<br>Horários: 08:00 - 12:00 / 13:00 - 17:00<br>Endereço: Rod. Amaro Antônio Vieira, 2260.<br>T: (48) 3334-5555 / 3334-0096"
CS ITACORUBI,Centro,191,PERC_ENCAMINHAMENTO,2013/2014,5,-48.498226,-27.584645,"Coordenador: Denise Machado Longhi<br>Horários: 08:00 - 12:00 / 13:00 - 17:00<br>Endereço: Rod. Amaro Antônio Vieira, 2260.<br>T: (48) 3334-5555 / 3334-0096"
CS ITACORUBI,Centro,193,PERC_ENCAMINHAMENTO,2013/2014,8,-48.498226,-27.584645,"Coordenador: Denise Machado Longhi<br>Horários: 08:00 - 12:00 / 13:00 - 17:00<br>Endereço: Rod. Amaro Antônio Vieira, 2260.<br>T: (48) 3334-5555 / 3334-0096"
CS ITACORUBI,Centro,190,PERC_ENCAMINHAMENTO,2013/2014,8,-48.498226,-27.584645,"Coordenador: Denise Machado Longhi<br>Horários: 08:00 - 12:00 / 13:00 - 17:00<br>Endereço: Rod. Amaro Antônio Vieira, 2260.<br>T: (48) 3334-5555 / 3334-0096"
CS ITACORUBI,Centro,190,PERC_ENCAMINHAMENTO,2015/2016,9,-48.498226,-27.584645,"Coordenador: Denise Machado Longhi<br>Horários: 08:00 - 12:00 / 13:00 - 17:00<br>Endereço: Rod. Amaro Antônio Vieira, 2260.<br>T: (48) 3334-5555 / 3334-0096"
CS JARDIM ATLÂNTICO,Continente,11,PERC_ENCAMINHAMENTO,2013/2014,19,-48.598248,-27.578747,"Coordenador: Andresa Gerber Sagaz de Ávila<br>Horários: 08:00 - 12:00 / 13:00 - 17:00<br>Endereço: R. Manoel Pizzolatti, 273. <br>T: (48) 3240-2168 / 3348-9595"
CS JARDIM ATLÂNTICO,Continente,10,PERC_ENCAMINHAMENTO,2013/2014,17,-48.598248,-27.578747,"Coordenador: Andresa Gerber Sagaz de Ávila<br>Horários: 08:00 - 12:00 / 13:00 - 17:00<br>Endereço: R. Manoel Pizzolatti, 273. <br>T: (48) 3240-2168 / 3348-9595"
CS JARDIM ATLÂNTICO,Continente,11,PERC_ENCAMINHAMENTO,2015/2016,10,-48.598248,-27.578747,"Coordenador: Andresa Gerber Sagaz de Ávila<br>Horários: 08:00 - 12:00 / 13:00 - 17:00<br>Endereço: R. Manoel Pizzolatti, 273. <br>T: (48) 3240-2168 / 3348-9595"
CS JARDIM ATLÂNTICO,Continente,10,PERC_ENCAMINHAMENTO,2015/2016,8,-48.598248,-27.578747,"Coordenador: Andresa Gerber Sagaz de Ávila<br>Horários: 08:00 - 12:00 / 13:00 - 17:00<br>Endereço: R. Manoel Pizzolatti, 273. <br>T: (48) 3240-2168 / 3348-9595"
CS JOÃO PAULO,Centro,321,PERC_ENCAMINHAMENTO,2013/2014,5,-48.513157,-27.561752,"Coordenador: Tatiane Pereira de Souza<br>Horários: 08:00 - 12:00 / 13:00 - 17:00<br>Endereço: R. João Paulo,1268. <br>T: (48) 3238-1393 / 3238-0606"
CS JOÃO PAULO,Centro,321,PERC_ENCAMINHAMENTO,2015/2016,5,-48.513157,-27.561752,"Coordenador: Tatiane Pereira de Souza<br>Horários: 08:00 - 12:00 / 13:00 - 17:00<br>Endereço: R. João Paulo,1268. <br>T: (48) 3238-1393 / 3238-0606"
CS JOÃO PAULO,Centro,320,PERC_ENCAMINHAMENTO,2013/2014,5,-48.513157,-27.561752,"Coordenador: Tatiane Pereira de Souza<br>Horários: 08:00 - 12:00 / 13:00 - 17:00<br>Endereço: R. João Paulo,1268. <br>T: (48) 3238-1393 / 3238-0606"
CS JOÃO PAULO,Centro,320,PERC_ENCAMINHAMENTO,2015/2016,4,-48.513157,-27.561752,"Coordenador: Tatiane Pereira de Souza<br>Horários: 08:00 - 12:00 / 13:00 - 17:00<br>Endereço: R. João Paulo,1268. <br>T: (48) 3238-1393 / 3238-0606"
CS LAGOA DA CONCEIÇÃO,Sul,471,PERC_ENCAMINHAMENTO,2013/2014,10,-48.470516,-27.599557,"Coordenador: Ingrid Gonçalves Rodrigues de Souza<br>Horários: 08:00 as 12:00 - 13:00 as 22:00<br>Endereço: R. João Pacheco da Costa, 255. <br>T: (48) 3232-0639 / 3233-6990 / 3234-4322"
CS LAGOA DA CONCEIÇÃO,Sul,472,PERC_ENCAMINHAMENTO,2013/2014,7,-48.470516,-27.599557,"Coordenador: Ingrid Gonçalves Rodrigues de Souza<br>Horários: 08:00 as 12:00 - 13:00 as 22:00<br>Endereço: R. João Pacheco da Costa, 255. <br>T: (48) 3232-0639 / 3233-6990 / 3234-4322"
CS LAGOA DA CONCEIÇÃO,Sul,470,PERC_ENCAMINHAMENTO,2013/2014,8,-48.470516,-27.599557,"Coordenador: Ingrid Gonçalves Rodrigues de Souza<br>Horários: 08:00 as 12:00 - 13:00 as 22:00<br>Endereço: R. João Pacheco da Costa, 255. <br>T: (48) 3232-0639 / 3233-6990 / 3234-4322"
CS LAGOA DA CONCEIÇÃO,Sul,471,PERC_ENCAMINHAMENTO,2015/2016,7,-48.470516,-27.599557,"Coordenador: Ingrid Gonçalves Rodrigues de Souza<br>Horários: 08:00 as 12:00 - 13:00 as 22:00<br>Endereço: R. João Pacheco da Costa, 255. <br>T: (48) 3232-0639 / 3233-6990 / 3234-4322"
CS LAGOA DA CONCEIÇÃO,Sul,472,PERC_ENCAMINHAMENTO,2015/2016,6,-48.470516,-27.599557,"Coordenador: Ingrid Gonçalves Rodrigues de Souza<br>Horários: 08:00 as 12:00 - 13:00 as 22:00<br>Endereço: R. João Pacheco da Costa, 255. <br>T: (48) 3232-0639 / 3233-6990 / 3234-4322"
CS LAGOA DA CONCEIÇÃO,Sul,470,PERC_ENCAMINHAMENTO,2015/2016,7,-48.470516,-27.599557,"Coordenador: Ingrid Gonçalves Rodrigues de Souza<br>Horários: 08:00 as 12:00 - 13:00 as 22:00<br>Endereço: R. João Pacheco da Costa, 255. <br>T: (48) 3232-0639 / 3233-6990 / 3234-4322"
CS MONTE CRISTO,Continente,44,PERC_ENCAMINHAMENTO,2013/2014,9,-48.598906,-27.591352,"Coordenador: Fátima Terezinha Farias <br>Horários: 08:00 - 12:00 / 13:00 - 17:00<br>Endereço: R. Joaquim Nabuco, s/n. <br>T: (48) 3240-8809 / 3348-7467"
CS MONTE CRISTO,Continente,41,PERC_ENCAMINHAMENTO,2013/2014,8,-48.598906,-27.591352,"Coordenador: Fátima Terezinha Farias <br>Horários: 08:00 - 12:00 / 13:00 - 17:00<br>Endereço: R. Joaquim Nabuco, s/n. <br>T: (48) 3240-8809 / 3348-7467"
CS MONTE CRISTO,Continente,43,PERC_ENCAMINHAMENTO,2013/2014,9,-48.598906,-27.591352,"Coordenador: Fátima Terezinha Farias <br>Horários: 08:00 - 12:00 / 13:00 - 17:00<br>Endereço: R. Joaquim Nabuco, s/n. <br>T: (48) 3240-8809 / 3348-7467"
CS MONTE CRISTO,Continente,40,PERC_ENCAMINHAMENTO,2015/2016,4,-48.598906,-27.591352,"Coordenador: Fátima Terezinha Farias <br>Horários: 08:00 - 12:00 / 13:00 - 17:00<br>Endereço: R. Joaquim Nabuco, s/n. <br>T: (48) 3240-8809 / 3348-7467"
CS MONTE CRISTO,Continente,41,PERC_ENCAMINHAMENTO,2015/2016,6,-48.598906,-27.591352,"Coordenador: Fátima Terezinha Farias <br>Horários: 08:00 - 12:00 / 13:00 - 17:00<br>Endereço: R. Joaquim Nabuco, s/n. <br>T: (48) 3240-8809 / 3348-7467"
CS MONTE CRISTO,Continente,42,PERC_ENCAMINHAMENTO,2013/2014,8,-48.598906,-27.591352,"Coordenador: Fátima Terezinha Farias <br>Horários: 08:00 - 12:00 / 13:00 - 17:00<br>Endereço: R. Joaquim Nabuco, s/n. <br>T: (48) 3240-8809 / 3348-7467"
CS MONTE CRISTO,Continente,43,PERC_ENCAMINHAMENTO,2015/2016,7,-48.598906,-27.591352,"Coordenador: Fátima Terezinha Farias <br>Horários: 08:00 - 12:00 / 13:00 - 17:00<br>Endereço: R. Joaquim Nabuco, s/n. <br>T: (48) 3240-8809 / 3348-7467"
CS MONTE CRISTO,Continente,44,PERC_ENCAMINHAMENTO,2015/2016,8,-48.598906,-27.591352,"Coordenador: Fátima Terezinha Farias <br>Horários: 08:00 - 12:00 / 13:00 - 17:00<br>Endereço: R. Joaquim Nabuco, s/n. <br>T: (48) 3240-8809 / 3348-7467"
CS MONTE CRISTO,Continente,42,PERC_ENCAMINHAMENTO,2015/2016,7,-48.598906,-27.591352,"Coordenador: Fátima Terezinha Farias <br>Horários: 08:00 - 12:00 / 13:00 - 17:00<br>Endereço: R. Joaquim Nabuco, s/n. <br>T: (48) 3240-8809 / 3348-7467"
CS MONTE CRISTO,Continente,46,PERC_ENCAMINHAMENTO,2015/2016,6,-48.598906,-27.591352,"Coordenador: Fátima Terezinha Farias <br>Horários: 08:00 - 12:00 / 13:00 - 17:00<br>Endereço: R. Joaquim Nabuco, s/n. <br>T: (48) 3240-8809 / 3348-7467"
CS MONTE CRISTO,Continente,45,PERC_ENCAMINHAMENTO,2015/2016,7,-48.598906,-27.591352,"Coordenador: Fátima Terezinha Farias <br>Horários: 08:00 - 12:00 / 13:00 - 17:00<br>Endereço: R. Joaquim Nabuco, s/n. <br>T: (48) 3240-8809 / 3348-7467"
CS MONTE CRISTO,Continente,46,PERC_ENCAMINHAMENTO,2013/2014,7,-48.598906,-27.591352,"Coordenador: Fátima Terezinha Farias <br>Horários: 08:00 - 12:00 / 13:00 - 17:00<br>Endereço: R. Joaquim Nabuco, s/n. <br>T: (48) 3240-8809 / 3348-7467"
CS MONTE CRISTO,Continente,40,PERC_ENCAMINHAMENTO,2013/2014,7,-48.598906,-27.591352,"Coordenador: Fátima Terezinha Farias <br>Horários: 08:00 - 12:00 / 13:00 - 17:00<br>Endereço: R. Joaquim Nabuco, s/n. <br>T: (48) 3240-8809 / 3348-7467"
CS MONTE CRISTO,Continente,45,PERC_ENCAMINHAMENTO,2013/2014,9,-48.598906,-27.591352,"Coordenador: Fátima Terezinha Farias <br>Horários: 08:00 - 12:00 / 13:00 - 17:00<br>Endereço: R. Joaquim Nabuco, s/n. <br>T: (48) 3240-8809 / 3348-7467"
CS MONTE SERRAT,Centro,121,PERC_ENCAMINHAMENTO,2015/2016,15,-48.539918,-27.595395,"Coordenador: Bruna Palma Ribeiro Gama Lobo d`Eça<br>Horários: 07:00 - 17:00 <br>Endereço: R. General Nestor Passos, 226.<br>T: (48) 3223-7816 / 3223-3910"
CS MONTE SERRAT,Centro,120,PERC_ENCAMINHAMENTO,2015/2016,9,-48.539918,-27.595395,"Coordenador: Bruna Palma Ribeiro Gama Lobo d`Eça<br>Horários: 07:00 - 17:00 <br>Endereço: R. General Nestor Passos, 226.<br>T: (48) 3223-7816 / 3223-3910"
CS MONTE SERRAT,Centro,121,PERC_ENCAMINHAMENTO,2013/2014,16,-48.539918,-27.595395,"Coordenador: Bruna Palma Ribeiro Gama Lobo d`Eça<br>Horários: 07:00 - 17:00 <br>Endereço: R. General Nestor Passos, 226.<br>T: (48) 3223-7816 / 3223-3910"
CS MONTE SERRAT,Centro,120,PERC_ENCAMINHAMENTO,2013/2014,10,-48.539918,-27.595395,"Coordenador: Bruna Palma Ribeiro Gama Lobo d`Eça<br>Horários: 07:00 - 17:00 <br>Endereço: R. General Nestor Passos, 226.<br>T: (48) 3223-7816 / 3223-3910"
CS MONTE SERRAT,Centro,122,PERC_ENCAMINHAMENTO,2015/2016,15,-48.539918,-27.595395,"Coordenador: Bruna Palma Ribeiro Gama Lobo d`Eça<br>Horários: 07:00 - 17:00 <br>Endereço: R. General Nestor Passos, 226.<br>T: (48) 3223-7816 / 3223-3910"
CS MONTE SERRAT,Centro,122,PERC_ENCAMINHAMENTO,2013/2014,11,-48.539918,-27.595395,"Coordenador: Bruna Palma Ribeiro Gama Lobo d`Eça<br>Horários: 07:00 - 17:00 <br>Endereço: R. General Nestor Passos, 226.<br>T: (48) 3223-7816 / 3223-3910"
CS MORRO DAS PEDRAS,Sul,251,PERC_ENCAMINHAMENTO,2013/2014,14,-48.507675,-27.716115,"Coordenador: Kamile Rocha Wentz<br>Horários: 08:00 - 12:00 / 13:00 - 17:00<br>Endereço: Rodovia SC-406, 1.685.<br>T: (48) 3237-9013 / 3338-7627"
CS MORRO DAS PEDRAS,Sul,251,PERC_ENCAMINHAMENTO,2015/2016,8,-48.507675,-27.716115,"Coordenador: Kamile Rocha Wentz<br>Horários: 08:00 - 12:00 / 13:00 - 17:00<br>Endereço: Rodovia SC-406, 1.685.<br>T: (48) 3237-9013 / 3338-7627"
CS MORRO DAS PEDRAS,Sul,250,PERC_ENCAMINHAMENTO,2015/2016,11,-48.507675,-27.716115,"Coordenador: Kamile Rocha Wentz<br>Horários: 08:00 - 12:00 / 13:00 - 17:00<br>Endereço: Rodovia SC-406, 1.685.<br>T: (48) 3237-9013 / 3338-7627"
CS MORRO DAS PEDRAS,Sul,250,PERC_ENCAMINHAMENTO,2013/2014,16,-48.507675,-27.716115,"Coordenador: Kamile Rocha Wentz<br>Horários: 08:00 - 12:00 / 13:00 - 17:00<br>Endereço: Rodovia SC-406, 1.685.<br>T: (48) 3237-9013 / 3338-7627"
CS NOVO CONTINENTE,Continente,101,PERC_ENCAMINHAMENTO,2015/2016,7,-48.57958,-27.598369,Coordenador: Sandra Carvalho Ventura<br>Horários: 08:00 - 12:00 / 13:00 - 17:00<br>Endereço:Rua Prof. Clementino Brito esquina com a Rua Osvaldo de Oliveira.<br>T: (48) 3244-8488 / 3249-7111
CS NOVO CONTINENTE,Continente,101,PERC_ENCAMINHAMENTO,2013/2014,7,-48.57958,-27.598369,Coordenador: Sandra Carvalho Ventura<br>Horários: 08:00 - 12:00 / 13:00 - 17:00<br>Endereço:Rua Prof. Clementino Brito esquina com a Rua Osvaldo de Oliveira.<br>T: (48) 3244-8488 / 3249-7111
CS NOVO CONTINENTE,Continente,100,PERC_ENCAMINHAMENTO,2013/2014,6,-48.57958,-27.598369,Coordenador: Sandra Carvalho Ventura<br>Horários: 08:00 - 12:00 / 13:00 - 17:00<br>Endereço:Rua Prof. Clementino Brito esquina com a Rua Osvaldo de Oliveira.<br>T: (48) 3244-8488 / 3249-7111
CS NOVO CONTINENTE,Continente,103,PERC_ENCAMINHAMENTO,2013/2014,7,-48.57958,-27.598369,Coordenador: Sandra Carvalho Ventura<br>Horários: 08:00 - 12:00 / 13:00 - 17:00<br>Endereço:Rua Prof. Clementino Brito esquina com a Rua Osvaldo de Oliveira.<br>T: (48) 3244-8488 / 3249-7111
CS NOVO CONTINENTE,Continente,103,PERC_ENCAMINHAMENTO,2015/2016,3,-48.57958,-27.598369,Coordenador: Sandra Carvalho Ventura<br>Horários: 08:00 - 12:00 / 13:00 - 17:00<br>Endereço:Rua Prof. Clementino Brito esquina com a Rua Osvaldo de Oliveira.<br>T: (48) 3244-8488 / 3249-7111
CS NOVO CONTINENTE,Continente,100,PERC_ENCAMINHAMENTO,2015/2016,4,-48.57958,-27.598369,Coordenador: Sandra Carvalho Ventura<br>Horários: 08:00 - 12:00 / 13:00 - 17:00<br>Endereço:Rua Prof. Clementino Brito esquina com a Rua Osvaldo de Oliveira.<br>T: (48) 3244-8488 / 3249-7111
CS NOVO CONTINENTE,Continente,102,PERC_ENCAMINHAMENTO,2015/2016,12,-48.57958,-27.598369,Coordenador: Sandra Carvalho Ventura<br>Horários: 08:00 - 12:00 / 13:00 - 17:00<br>Endereço:Rua Prof. Clementino Brito esquina com a Rua Osvaldo de Oliveira.<br>T: (48) 3244-8488 / 3249-7111
CS NOVO CONTINENTE,Continente,102,PERC_ENCAMINHAMENTO,2013/2014,6,-48.57958,-27.598369,Coordenador: Sandra Carvalho Ventura<br>Horários: 08:00 - 12:00 / 13:00 - 17:00<br>Endereço:Rua Prof. Clementino Brito esquina com a Rua Osvaldo de Oliveira.<br>T: (48) 3244-8488 / 3249-7111
CS PANTANAL,Centro,161,PERC_ENCAMINHAMENTO,2013/2014,11,-48.519978,-27.607941,"Coordenador: Fabrício Casanova<br>Horários: 08:00 - 12:00 / 13:00 - 17:00<br>Endereço: Rua Deputado Antônio Edu Vieira, 968.<br>T: (48) 3234-7880 / 3238-2232"
CS PANTANAL,Centro,160,PERC_ENCAMINHAMENTO,2013/2014,11,-48.519978,-27.607941,"Coordenador: Fabrício Casanova<br>Horários: 08:00 - 12:00 / 13:00 - 17:00<br>Endereço: Rua Deputado Antônio Edu Vieira, 968.<br>T: (48) 3234-7880 / 3238-2232"
CS PANTANAL,Centro,160,PERC_ENCAMINHAMENTO,2015/2016,9,-48.519978,-27.607941,"Coordenador: Fabrício Casanova<br>Horários: 08:00 - 12:00 / 13:00 - 17:00<br>Endereço: Rua Deputado Antônio Edu Vieira, 968.<br>T: (48) 3234-7880 / 3238-2232"
CS PANTANAL,Centro,161,PERC_ENCAMINHAMENTO,2015/2016,10,-48.519978,-27.607941,"Coordenador: Fabrício Casanova<br>Horários: 08:00 - 12:00 / 13:00 - 17:00<br>Endereço: Rua Deputado Antônio Edu Vieira, 968.<br>T: (48) 3234-7880 / 3238-2232"
CS PONTA DAS CANAS,Norte,370,PERC_ENCAMINHAMENTO,2015/2016,13,-48.428032,-27.396382,"Coordenador: Cleusa Marcia Vieira<br>Horários: 08:00 - 12:00 / 13:00 - 17:00<br>Endereço: R. Alcides Bonatelli, s/n.<br>T: (48) 3284-1337/ 3284-2257"
CS PONTA DAS CANAS,Norte,371,PERC_ENCAMINHAMENTO,2015/2016,14,-48.428032,-27.396382,"Coordenador: Cleusa Marcia Vieira<br>Horários: 08:00 - 12:00 / 13:00 - 17:00<br>Endereço: R. Alcides Bonatelli, s/n.<br>T: (48) 3284-1337/ 3284-2257"
CS PONTA DAS CANAS,Norte,370,PERC_ENCAMINHAMENTO,2013/2014,12,-48.428032,-27.396382,"Coordenador: Cleusa Marcia Vieira<br>Horários: 08:00 - 12:00 / 13:00 - 17:00<br>Endereço: R. Alcides Bonatelli, s/n.<br>T: (48) 3284-1337/ 3284-2257"
CS PONTA DAS CANAS,Norte,371,PERC_ENCAMINHAMENTO,2013/2014,12,-48.428032,-27.396382,"Coordenador: Cleusa Marcia Vieira<br>Horários: 08:00 - 12:00 / 13:00 - 17:00<br>Endereço: R. Alcides Bonatelli, s/n.<br>T: (48) 3284-1337/ 3284-2257"
CS PRAINHA,Centro,130,PERC_ENCAMINHAMENTO,2015/2016,15,-48.546803,-27.606677,"Coordenador: Thaise Alana Goronzi<br>Horários: 07:00 - 12:00 / 13:00 - 17:00<br>Endereço: R. Silva Jardim, 621.<br>T: 3225-7647/ 3225-8134"
CS PRAINHA,Centro,131,PERC_ENCAMINHAMENTO,2015/2016,11,-48.546803,-27.606677,"Coordenador: Thaise Alana Goronzi<br>Horários: 07:00 - 12:00 / 13:00 - 17:00<br>Endereço: R. Silva Jardim, 621.<br>T: 3225-7647/ 3225-8134"
CS PRAINHA,Centro,130,PERC_ENCAMINHAMENTO,2013/2014,13,-48.546803,-27.606677,"Coordenador: Thaise Alana Goronzi<br>Horários: 07:00 - 12:00 / 13:00 - 17:00<br>Endereço: R. Silva Jardim, 621.<br>T: 3225-7647/ 3225-8134"
CS PRAINHA,Centro,131,PERC_ENCAMINHAMENTO,2013/2014,13,-48.546803,-27.606677,"Coordenador: Thaise Alana Goronzi<br>Horários: 07:00 - 12:00 / 13:00 - 17:00<br>Endereço: R. Silva Jardim, 621.<br>T: 3225-7647/ 3225-8134"
CS PRAINHA,Centro,132,PERC_ENCAMINHAMENTO,2013/2014,11,-48.546803,-27.606677,"Coordenador: Thaise Alana Goronzi<br>Horários: 07:00 - 12:00 / 13:00 - 17:00<br>Endereço: R. Silva Jardim, 621.<br>T: 3225-7647/ 3225-8134"
CS PRAINHA,Centro,132,PERC_ENCAMINHAMENTO,2015/2016,7,-48.546803,-27.606677,"Coordenador: Thaise Alana Goronzi<br>Horários: 07:00 - 12:00 / 13:00 - 17:00<br>Endereço: R. Silva Jardim, 621.<br>T: 3225-7647/ 3225-8134"
CS RATONES,Norte,351,PERC_ENCAMINHAMENTO,2013/2014,17,-48.4711,-27.505583,"Coordenador: Adriana Maria Scheffer<br>Horários: 08:00 - 12:00 / 13:00 - 17:00<br>Endereço: R. João Januário da Silva, s/n. <br>T: (48) 3266-8090 / 3369-6436"
CS RATONES,Norte,351,PERC_ENCAMINHAMENTO,2015/2016,12,-48.4711,-27.505583,"Coordenador: Adriana Maria Scheffer<br>Horários: 08:00 - 12:00 / 13:00 - 17:00<br>Endereço: R. João Januário da Silva, s/n. <br>T: (48) 3266-8090 / 3369-6436"
CS RATONES,Norte,350,PERC_ENCAMINHAMENTO,2013/2014,15,-48.4711,-27.505583,"Coordenador: Adriana Maria Scheffer<br>Horários: 08:00 - 12:00 / 13:00 - 17:00<br>Endereço: R. João Januário da Silva, s/n. <br>T: (48) 3266-8090 / 3369-6436"
CS RATONES,Norte,350,PERC_ENCAMINHAMENTO,2015/2016,11,-48.4711,-27.505583,"Coordenador: Adriana Maria Scheffer<br>Horários: 08:00 - 12:00 / 13:00 - 17:00<br>Endereço: R. João Januário da Silva, s/n. <br>T: (48) 3266-8090 / 3369-6436"
CS RIBEIRÃO DA ILHA,Sul,220,PERC_ENCAMINHAMENTO,2015/2016,8,-48.562907,-27.717735,"Coordenador: Carla Antoni Luchi<br>Horários: 08:00 - 12:00 / 13:00 - 17:00<br>Endereço: R. João José D'Avila, s/n.<br>T: (48) 3337-5997 / 3337-5579"
CS RIBEIRÃO DA ILHA,Sul,220,PERC_ENCAMINHAMENTO,2013/2014,7,-48.562907,-27.717735,"Coordenador: Carla Antoni Luchi<br>Horários: 08:00 - 12:00 / 13:00 - 17:00<br>Endereço: R. João José D'Avila, s/n.<br>T: (48) 3337-5997 / 3337-5579"
CS RIO TAVARES,Sul,293,PERC_ENCAMINHAMENTO,2015/2016,7,-48.47799,-27.649817,"Coordenador: Jesus Ruiz Santanilla<br>Horários: 08:00 - 12:00 / 13:00 - 17:00<br>Endereço: Rua Silvio Lopes Araújo, s/n.<br>T: (48) 3232-6118 / 3226-8030"
CS RIO TAVARES,Sul,290,PERC_ENCAMINHAMENTO,2013/2014,7,-48.47799,-27.649817,"Coordenador: Jesus Ruiz Santanilla<br>Horários: 08:00 - 12:00 / 13:00 - 17:00<br>Endereço: Rua Silvio Lopes Araújo, s/n.<br>T: (48) 3232-6118 / 3226-8030"
CS RIO TAVARES,Sul,291,PERC_ENCAMINHAMENTO,2013/2014,7,-48.47799,-27.649817,"Coordenador: Jesus Ruiz Santanilla<br>Horários: 08:00 - 12:00 / 13:00 - 17:00<br>Endereço: Rua Silvio Lopes Araújo, s/n.<br>T: (48) 3232-6118 / 3226-8030"
CS RIO TAVARES,Sul,292,PERC_ENCAMINHAMENTO,2013/2014,8,-48.47799,-27.649817,"Coordenador: Jesus Ruiz Santanilla<br>Horários: 08:00 - 12:00 / 13:00 - 17:00<br>Endereço: Rua Silvio Lopes Araújo, s/n.<br>T: (48) 3232-6118 / 3226-8030"
CS RIO TAVARES,Sul,293,PERC_ENCAMINHAMENTO,2013/2014,7,-48.47799,-27.649817,"Coordenador: Jesus Ruiz Santanilla<br>Horários: 08:00 - 12:00 / 13:00 - 17:00<br>Endereço: Rua Silvio Lopes Araújo, s/n.<br>T: (48) 3232-6118 / 3226-8030"
CS RIO TAVARES,Sul,290,PERC_ENCAMINHAMENTO,2015/2016,8,-48.47799,-27.649817,"Coordenador: Jesus Ruiz Santanilla<br>Horários: 08:00 - 12:00 / 13:00 - 17:00<br>Endereço: Rua Silvio Lopes Araújo, s/n.<br>T: (48) 3232-6118 / 3226-8030"
CS RIO TAVARES,Sul,291,PERC_ENCAMINHAMENTO,2015/2016,7,-48.47799,-27.649817,"Coordenador: Jesus Ruiz Santanilla<br>Horários: 08:00 - 12:00 / 13:00 - 17:00<br>Endereço: Rua Silvio Lopes Araújo, s/n.<br>T: (48) 3232-6118 / 3226-8030"
CS RIO TAVARES,Sul,292,PERC_ENCAMINHAMENTO,2015/2016,8,-48.47799,-27.649817,"Coordenador: Jesus Ruiz Santanilla<br>Horários: 08:00 - 12:00 / 13:00 - 17:00<br>Endereço: Rua Silvio Lopes Araújo, s/n.<br>T: (48) 3232-6118 / 3226-8030"
CS RIO VERMELHO,Norte,424,PERC_ENCAMINHAMENTO,2013/2014,12,-48.419519,-27.490685,"Coordenador: Claudiniete Maria da Conceição Bezerra Vasconcelos<br>Horários: 08:00 - 12:00 / 13:00 - 17:00<br>Endereço: Rod. João Gualberto Soares, 1099. <br>T: (48) 3269-7100 / 3269-9857"
CS RIO VERMELHO,Norte,420,PERC_ENCAMINHAMENTO,2015/2016,13,-48.419519,-27.490685,"Coordenador: Claudiniete Maria da Conceição Bezerra Vasconcelos<br>Horários: 08:00 - 12:00 / 13:00 - 17:00<br>Endereço: Rod. João Gualberto Soares, 1099. <br>T: (48) 3269-7100 / 3269-9857"
CS RIO VERMELHO,Norte,421,PERC_ENCAMINHAMENTO,2015/2016,12,-48.419519,-27.490685,"Coordenador: Claudiniete Maria da Conceição Bezerra Vasconcelos<br>Horários: 08:00 - 12:00 / 13:00 - 17:00<br>Endereço: Rod. João Gualberto Soares, 1099. <br>T: (48) 3269-7100 / 3269-9857"
CS RIO VERMELHO,Norte,422,PERC_ENCAMINHAMENTO,2015/2016,11,-48.419519,-27.490685,"Coordenador: Claudiniete Maria da Conceição Bezerra Vasconcelos<br>Horários: 08:00 - 12:00 / 13:00 - 17:00<br>Endereço: Rod. João Gualberto Soares, 1099. <br>T: (48) 3269-7100 / 3269-9857"
CS RIO VERMELHO,Norte,423,PERC_ENCAMINHAMENTO,2015/2016,13,-48.419519,-27.490685,"Coordenador: Claudiniete Maria da Conceição Bezerra Vasconcelos<br>Horários: 08:00 - 12:00 / 13:00 - 17:00<br>Endereço: Rod. João Gualberto Soares, 1099. <br>T: (48) 3269-7100 / 3269-9857"
CS RIO VERMELHO,Norte,424,PERC_ENCAMINHAMENTO,2015/2016,12,-48.419519,-27.490685,"Coordenador: Claudiniete Maria da Conceição Bezerra Vasconcelos<br>Horários: 08:00 - 12:00 / 13:00 - 17:00<br>Endereço: Rod. João Gualberto Soares, 1099. <br>T: (48) 3269-7100 / 3269-9857"
CS RIO VERMELHO,Norte,423,PERC_ENCAMINHAMENTO,2013/2014,12,-48.419519,-27.490685,"Coordenador: Claudiniete Maria da Conceição Bezerra Vasconcelos<br>Horários: 08:00 - 12:00 / 13:00 - 17:00<br>Endereço: Rod. João Gualberto Soares, 1099. <br>T: (48) 3269-7100 / 3269-9857"
CS RIO VERMELHO,Norte,420,PERC_ENCAMINHAMENTO,2013/2014,14,-48.419519,-27.490685,"Coordenador: Claudiniete Maria da Conceição Bezerra Vasconcelos<br>Horários: 08:00 - 12:00 / 13:00 - 17:00<br>Endereço: Rod. João Gualberto Soares, 1099. <br>T: (48) 3269-7100 / 3269-9857"
CS RIO VERMELHO,Norte,421,PERC_ENCAMINHAMENTO,2013/2014,13,-48.419519,-27.490685,"Coordenador: Claudiniete Maria da Conceição Bezerra Vasconcelos<br>Horários: 08:00 - 12:00 / 13:00 - 17:00<br>Endereço: Rod. João Gualberto Soares, 1099. <br>T: (48) 3269-7100 / 3269-9857"
CS RIO VERMELHO,Norte,422,PERC_ENCAMINHAMENTO,2013/2014,11,-48.419519,-27.490685,"Coordenador: Claudiniete Maria da Conceição Bezerra Vasconcelos<br>Horários: 08:00 - 12:00 / 13:00 - 17:00<br>Endereço: Rod. João Gualberto Soares, 1099. <br>T: (48) 3269-7100 / 3269-9857"
CS SACO DOS LIMÕES,Centro,310,PERC_ENCAMINHAMENTO,2015/2016,7,-48.527024,-27.615437,"Coordenador: Camila Zardo<br>Horários: 08:00 - 12:00 / 13:00 - 17:00<br>Endereço: R. Aldo Alves, s/n. <br>T: (48) 3333-6797 / 3223-4563"
CS SACO DOS LIMÕES,Centro,310,PERC_ENCAMINHAMENTO,2013/2014,17,-48.527024,-27.615437,"Coordenador: Camila Zardo<br>Horários: 08:00 - 12:00 / 13:00 - 17:00<br>Endereço: R. Aldo Alves, s/n. <br>T: (48) 3333-6797 / 3223-4563"
CS SACO DOS LIMÕES,Centro,311,PERC_ENCAMINHAMENTO,2013/2014,13,-48.527024,-27.615437,"Coordenador: Camila Zardo<br>Horários: 08:00 - 12:00 / 13:00 - 17:00<br>Endereço: R. Aldo Alves, s/n. <br>T: (48) 3333-6797 / 3223-4563"
CS SACO DOS LIMÕES,Centro,312,PERC_ENCAMINHAMENTO,2013/2014,14,-48.527024,-27.615437,"Coordenador: Camila Zardo<br>Horários: 08:00 - 12:00 / 13:00 - 17:00<br>Endereço: R. Aldo Alves, s/n. <br>T: (48) 3333-6797 / 3223-4563"
CS SACO DOS LIMÕES,Centro,313,PERC_ENCAMINHAMENTO,2013/2014,16,-48.527024,-27.615437,"Coordenador: Camila Zardo<br>Horários: 08:00 - 12:00 / 13:00 - 17:00<br>Endereço: R. Aldo Alves, s/n. <br>T: (48) 3333-6797 / 3223-4563"
CS SACO DOS LIMÕES,Centro,314,PERC_ENCAMINHAMENTO,2013/2014,16,-48.527024,-27.615437,"Coordenador: Camila Zardo<br>Horários: 08:00 - 12:00 / 13:00 - 17:00<br>Endereço: R. Aldo Alves, s/n. <br>T: (48) 3333-6797 / 3223-4563"
CS SACO DOS LIMÕES,Centro,311,PERC_ENCAMINHAMENTO,2015/2016,9,-48.527024,-27.615437,"Coordenador: Camila Zardo<br>Horários: 08:00 - 12:00 / 13:00 - 17:00<br>Endereço: R. Aldo Alves, s/n. <br>T: (48) 3333-6797 / 3223-4563"
CS SACO DOS LIMÕES,Centro,312,PERC_ENCAMINHAMENTO,2015/2016,9,-48.527024,-27.615437,"Coordenador: Camila Zardo<br>Horários: 08:00 - 12:00 / 13:00 - 17:00<br>Endereço: R. Aldo Alves, s/n. <br>T: (48) 3333-6797 / 3223-4563"
CS SACO DOS LIMÕES,Centro,313,PERC_ENCAMINHAMENTO,2015/2016,8,-48.527024,-27.615437,"Coordenador: Camila Zardo<br>Horários: 08:00 - 12:00 / 13:00 - 17:00<br>Endereço: R. Aldo Alves, s/n. <br>T: (48) 3333-6797 / 3223-4563"
CS SACO DOS LIMÕES,Centro,314,PERC_ENCAMINHAMENTO,2015/2016,5,-48.527024,-27.615437,"Coordenador: Camila Zardo<br>Horários: 08:00 - 12:00 / 13:00 - 17:00<br>Endereço: R. Aldo Alves, s/n. <br>T: (48) 3333-6797 / 3223-4563"
CS SACO GRANDE,Norte,330,PERC_ENCAMINHAMENTO,2013/2014,4,-48.496495,-27.552599,"Coordenador: João Paulo Mello da Silveira<br>Horários: 08:00 - 12:00 / 13:00 - 22:00<br>Endereço: Rod. Virgílio Várzea, s/n. <br>T: (48) 3238-0110 / 3238-0608 / 3234-6995"
CS SACO GRANDE,Norte,331,PERC_ENCAMINHAMENTO,2013/2014,5,-48.496495,-27.552599,"Coordenador: João Paulo Mello da Silveira<br>Horários: 08:00 - 12:00 / 13:00 - 22:00<br>Endereço: Rod. Virgílio Várzea, s/n. <br>T: (48) 3238-0110 / 3238-0608 / 3234-6995"
CS SACO GRANDE,Norte,332,PERC_ENCAMINHAMENTO,2013/2014,5,-48.496495,-27.552599,"Coordenador: João Paulo Mello da Silveira<br>Horários: 08:00 - 12:00 / 13:00 - 22:00<br>Endereço: Rod. Virgílio Várzea, s/n. <br>T: (48) 3238-0110 / 3238-0608 / 3234-6995"
CS SACO GRANDE,Norte,333,PERC_ENCAMINHAMENTO,2013/2014,4,-48.496495,-27.552599,"Coordenador: João Paulo Mello da Silveira<br>Horários: 08:00 - 12:00 / 13:00 - 22:00<br>Endereço: Rod. Virgílio Várzea, s/n. <br>T: (48) 3238-0110 / 3238-0608 / 3234-6995"
CS SACO GRANDE,Norte,330,PERC_ENCAMINHAMENTO,2015/2016,4,-48.496495,-27.552599,"Coordenador: João Paulo Mello da Silveira<br>Horários: 08:00 - 12:00 / 13:00 - 22:00<br>Endereço: Rod. Virgílio Várzea, s/n. <br>T: (48) 3238-0110 / 3238-0608 / 3234-6995"
CS SACO GRANDE,Norte,331,PERC_ENCAMINHAMENTO,2015/2016,5,-48.496495,-27.552599,"Coordenador: João Paulo Mello da Silveira<br>Horários: 08:00 - 12:00 / 13:00 - 22:00<br>Endereço: Rod. Virgílio Várzea, s/n. <br>T: (48) 3238-0110 / 3238-0608 / 3234-6995"
CS SACO GRANDE,Norte,332,PERC_ENCAMINHAMENTO,2015/2016,6,-48.496495,-27.552599,"Coordenador: João Paulo Mello da Silveira<br>Horários: 08:00 - 12:00 / 13:00 - 22:00<br>Endereço: Rod. Virgílio Várzea, s/n. <br>T: (48) 3238-0110 / 3238-0608 / 3234-6995"
CS SACO GRANDE,Norte,333,PERC_ENCAMINHAMENTO,2015/2016,3,-48.496495,-27.552599,"Coordenador: João Paulo Mello da Silveira<br>Horários: 08:00 - 12:00 / 13:00 - 22:00<br>Endereço: Rod. Virgílio Várzea, s/n. <br>T: (48) 3238-0110 / 3238-0608 / 3234-6995"
CS SACO GRANDE,Norte,334,PERC_ENCAMINHAMENTO,2015/2016,6,-48.496495,-27.552599,"Coordenador: João Paulo Mello da Silveira<br>Horários: 08:00 - 12:00 / 13:00 - 22:00<br>Endereço: Rod. Virgílio Várzea, s/n. <br>T: (48) 3238-0110 / 3238-0608 / 3234-6995"
CS SACO GRANDE,Norte,335,PERC_ENCAMINHAMENTO,2015/2016,5,-48.496495,-27.552599,"Coordenador: João Paulo Mello da Silveira<br>Horários: 08:00 - 12:00 / 13:00 - 22:00<br>Endereço: Rod. Virgílio Várzea, s/n. <br>T: (48) 3238-0110 / 3238-0608 / 3234-6995"
CS SACO GRANDE,Norte,334,PERC_ENCAMINHAMENTO,2013/2014,6,-48.496495,-27.552599,"Coordenador: João Paulo Mello da Silveira<br>Horários: 08:00 - 12:00 / 13:00 - 22:00<br>Endereço: Rod. Virgílio Várzea, s/n. <br>T: (48) 3238-0110 / 3238-0608 / 3234-6995"
CS SACO GRANDE,Norte,335,PERC_ENCAMINHAMENTO,2013/2014,5,-48.496495,-27.552599,"Coordenador: João Paulo Mello da Silveira<br>Horários: 08:00 - 12:00 / 13:00 - 22:00<br>Endereço: Rod. Virgílio Várzea, s/n. <br>T: (48) 3238-0110 / 3238-0608 / 3234-6995"
CS SANTINHO,Norte,981,PERC_ENCAMINHAMENTO,2015/2016,9,-48.388483,-27.439824,"Coordenador: Liege Teixeira Fontanive<br>Horários: 08:00 - 12:00 / 13:00 - 17:00<br>Endereço: Rua Dom João Becker, 862.<br>T: (48) 3369-0174 / 3369-5514"
CS SANTINHO,Norte,980,PERC_ENCAMINHAMENTO,2015/2016,10,-48.388483,-27.439824,"Coordenador: Liege Teixeira Fontanive<br>Horários: 08:00 - 12:00 / 13:00 - 17:00<br>Endereço: Rua Dom João Becker, 862.<br>T: (48) 3369-0174 / 3369-5514"
CS SANTINHO,Norte,981,PERC_ENCAMINHAMENTO,2013/2014,8,-48.388483,-27.439824,"Coordenador: Liege Teixeira Fontanive<br>Horários: 08:00 - 12:00 / 13:00 - 17:00<br>Endereço: Rua Dom João Becker, 862.<br>T: (48) 3369-0174 / 3369-5514"
CS SANTINHO,Norte,980,PERC_ENCAMINHAMENTO,2013/2014,10,-48.388483,-27.439824,"Coordenador: Liege Teixeira Fontanive<br>Horários: 08:00 - 12:00 / 13:00 - 17:00<br>Endereço: Rua Dom João Becker, 862.<br>T: (48) 3369-0174 / 3369-5514"
CS TAPERA,Sul,260,PERC_ENCAMINHAMENTO,2013/2014,6,-48.564956,-27.686955,"Coordenador: Décio Júnior de Almeida Fogliatto<br>Horários: 08:00 - 12:00 / 13:00 - 17:00<br>Endereço: Rua das Areias, s/n.<br>T: (48) 3337-0289 / 3338-4531"
CS TAPERA,Sul,260,PERC_ENCAMINHAMENTO,2015/2016,6,-48.564956,-27.686955,"Coordenador: Décio Júnior de Almeida Fogliatto<br>Horários: 08:00 - 12:00 / 13:00 - 17:00<br>Endereço: Rua das Areias, s/n.<br>T: (48) 3337-0289 / 3338-4531"
CS TAPERA,Sul,261,PERC_ENCAMINHAMENTO,2015/2016,7,-48.564956,-27.686955,"Coordenador: Décio Júnior de Almeida Fogliatto<br>Horários: 08:00 - 12:00 / 13:00 - 17:00<br>Endereço: Rua das Areias, s/n.<br>T: (48) 3337-0289 / 3338-4531"
CS TAPERA,Sul,262,PERC_ENCAMINHAMENTO,2015/2016,7,-48.564956,-27.686955,"Coordenador: Décio Júnior de Almeida Fogliatto<br>Horários: 08:00 - 12:00 / 13:00 - 17:00<br>Endereço: Rua das Areias, s/n.<br>T: (48) 3337-0289 / 3338-4531"
CS TAPERA,Sul,263,PERC_ENCAMINHAMENTO,2015/2016,8,-48.564956,-27.686955,"Coordenador: Décio Júnior de Almeida Fogliatto<br>Horários: 08:00 - 12:00 / 13:00 - 17:00<br>Endereço: Rua das Areias, s/n.<br>T: (48) 3337-0289 / 3338-4531"
CS TAPERA,Sul,261,PERC_ENCAMINHAMENTO,2013/2014,7,-48.564956,-27.686955,"Coordenador: Décio Júnior de Almeida Fogliatto<br>Horários: 08:00 - 12:00 / 13:00 - 17:00<br>Endereço: Rua das Areias, s/n.<br>T: (48) 3337-0289 / 3338-4531"
CS TAPERA,Sul,262,PERC_ENCAMINHAMENTO,2013/2014,7,-48.564956,-27.686955,"Coordenador: Décio Júnior de Almeida Fogliatto<br>Horários: 08:00 - 12:00 / 13:00 - 17:00<br>Endereço: Rua das Areias, s/n.<br>T: (48) 3337-0289 / 3338-4531"
CS TAPERA,Sul,263,PERC_ENCAMINHAMENTO,2013/2014,8,-48.564956,-27.686955,"Coordenador: Décio Júnior de Almeida Fogliatto<br>Horários: 08:00 - 12:00 / 13:00 - 17:00<br>Endereço: Rua das Areias, s/n.<br>T: (48) 3337-0289 / 3338-4531"
CS TRINDADE,Centro,850,PERC_ENCAMINHAMENTO,2015/2016,11,-48.52254,-27.585703,"Coordenador: Alessandra Souza Machado Evangelista<br>Horários: 07:00 - 12:00 / 13:00 - 17:00<br>Endereço: Confluência da rua Odilon Fernandes c/ av. Henrique da Silva Fontes, 6000.<br>T: (48) 3234-9577 / 3234-0177"
CS TRINDADE,Centro,850,PERC_ENCAMINHAMENTO,2013/2014,11,-48.52254,-27.585703,"Coordenador: Alessandra Souza Machado Evangelista<br>Horários: 07:00 - 12:00 / 13:00 - 17:00<br>Endereço: Confluência da rua Odilon Fernandes c/ av. Henrique da Silva Fontes, 6000.<br>T: (48) 3234-9577 / 3234-0177"
CS TRINDADE,Centro,851,PERC_ENCAMINHAMENTO,2013/2014,8,-48.52254,-27.585703,"Coordenador: Alessandra Souza Machado Evangelista<br>Horários: 07:00 - 12:00 / 13:00 - 17:00<br>Endereço: Confluência da rua Odilon Fernandes c/ av. Henrique da Silva Fontes, 6000.<br>T: (48) 3234-9577 / 3234-0177"
CS TRINDADE,Centro,852,PERC_ENCAMINHAMENTO,2013/2014,12,-48.52254,-27.585703,"Coordenador: Alessandra Souza Machado Evangelista<br>Horários: 07:00 - 12:00 / 13:00 - 17:00<br>Endereço: Confluência da rua Odilon Fernandes c/ av. Henrique da Silva Fontes, 6000.<br>T: (48) 3234-9577 / 3234-0177"
CS TRINDADE,Centro,853,PERC_ENCAMINHAMENTO,2013/2014,10,-48.52254,-27.585703,"Coordenador: Alessandra Souza Machado Evangelista<br>Horários: 07:00 - 12:00 / 13:00 - 17:00<br>Endereço: Confluência da rua Odilon Fernandes c/ av. Henrique da Silva Fontes, 6000.<br>T: (48) 3234-9577 / 3234-0177"
CS TRINDADE,Centro,854,PERC_ENCAMINHAMENTO,2013/2014,10,-48.52254,-27.585703,"Coordenador: Alessandra Souza Machado Evangelista<br>Horários: 07:00 - 12:00 / 13:00 - 17:00<br>Endereço: Confluência da rua Odilon Fernandes c/ av. Henrique da Silva Fontes, 6000.<br>T: (48) 3234-9577 / 3234-0177"
CS TRINDADE,Centro,855,PERC_ENCAMINHAMENTO,2013/2014,10,-48.52254,-27.585703,"Coordenador: Alessandra Souza Machado Evangelista<br>Horários: 07:00 - 12:00 / 13:00 - 17:00<br>Endereço: Confluência da rua Odilon Fernandes c/ av. Henrique da Silva Fontes, 6000.<br>T: (48) 3234-9577 / 3234-0177"
CS TRINDADE,Centro,851,PERC_ENCAMINHAMENTO,2015/2016,10,-48.52254,-27.585703,"Coordenador: Alessandra Souza Machado Evangelista<br>Horários: 07:00 - 12:00 / 13:00 - 17:00<br>Endereço: Confluência da rua Odilon Fernandes c/ av. Henrique da Silva Fontes, 6000.<br>T: (48) 3234-9577 / 3234-0177"
CS TRINDADE,Centro,852,PERC_ENCAMINHAMENTO,2015/2016,13,-48.52254,-27.585703,"Coordenador: Alessandra Souza Machado Evangelista<br>Horários: 07:00 - 12:00 / 13:00 - 17:00<br>Endereço: Confluência da rua Odilon Fernandes c/ av. Henrique da Silva Fontes, 6000.<br>T: (48) 3234-9577 / 3234-0177"
CS TRINDADE,Centro,853,PERC_ENCAMINHAMENTO,2015/2016,10,-48.52254,-27.585703,"Coordenador: Alessandra Souza Machado Evangelista<br>Horários: 07:00 - 12:00 / 13:00 - 17:00<br>Endereço: Confluência da rua Odilon Fernandes c/ av. Henrique da Silva Fontes, 6000.<br>T: (48) 3234-9577 / 3234-0177"
CS TRINDADE,Centro,854,PERC_ENCAMINHAMENTO,2015/2016,11,-48.52254,-27.585703,"Coordenador: Alessandra Souza Machado Evangelista<br>Horários: 07:00 - 12:00 / 13:00 - 17:00<br>Endereço: Confluência da rua Odilon Fernandes c/ av. Henrique da Silva Fontes, 6000.<br>T: (48) 3234-9577 / 3234-0177"
CS TRINDADE,Centro,855,PERC_ENCAMINHAMENTO,2015/2016,11,-48.52254,-27.585703,"Coordenador: Alessandra Souza Machado Evangelista<br>Horários: 07:00 - 12:00 / 13:00 - 17:00<br>Endereço: Confluência da rua Odilon Fernandes c/ av. Henrique da Silva Fontes, 6000.<br>T: (48) 3234-9577 / 3234-0177"
CS VARGEM GRANDE,Norte,410,PERC_ENCAMINHAMENTO,2015/2016,12,-48.44423,-27.472177,"Coordenador: Manoel José Pereira Filho<br>Horários: 08:00 - 12:00 / 13:00 - 17:00<br>Endereço: Servidão União da Vitória, 110. <br>T: (48) 3269-5034 / 3369-3425"
CS VARGEM GRANDE,Norte,410,PERC_ENCAMINHAMENTO,2013/2014,NA,-48.44423,-27.472177,"Coordenador: Manoel José Pereira Filho<br>Horários: 08:00 - 12:00 / 13:00 - 17:00<br>Endereço: Servidão União da Vitória, 110. <br>T: (48) 3269-5034 / 3369-3425"
CS VARGEM PEQUENA,Norte,340,PERC_ENCAMINHAMENTO,2015/2016,12,-48.460275,-27.475244,"Coordenador: Alixandra Trindade dos Santos<br>Horários: 08:00 - 12:00 / 13:00 - 17:00<br>Endereço: Rod Manoel Leôncio de Souza Brito, s/n.<br>T: (48) 3269-5898"
CS VARGEM PEQUENA,Norte,340,PERC_ENCAMINHAMENTO,2013/2014,13,-48.460275,-27.475244,"Coordenador: Alixandra Trindade dos Santos<br>Horários: 08:00 - 12:00 / 13:00 - 17:00<br>Endereço: Rod Manoel Leôncio de Souza Brito, s/n.<br>T: (48) 3269-5898"
CS VILA APARECIDA,Continente,91,PERC_ENCAMINHAMENTO,2013/2014,12,-48.58532,-27.605816,"Coordenador: Cilane Edecia Bauer<br>Horários: 08:00 - 12:00 / 13:00 - 17:00<br>Endereço: R. Fermino Costa, 284. <br>T: (48) 3248-1611/ 3244-6724"
CS VILA APARECIDA,Continente,90,PERC_ENCAMINHAMENTO,2013/2014,11,-48.58532,-27.605816,"Coordenador: Cilane Edecia Bauer<br>Horários: 08:00 - 12:00 / 13:00 - 17:00<br>Endereço: R. Fermino Costa, 284. <br>T: (48) 3248-1611/ 3244-6724"
CS VILA APARECIDA,Continente,90,PERC_ENCAMINHAMENTO,2015/2016,8,-48.58532,-27.605816,"Coordenador: Cilane Edecia Bauer<br>Horários: 08:00 - 12:00 / 13:00 - 17:00<br>Endereço: R. Fermino Costa, 284. <br>T: (48) 3248-1611/ 3244-6724"
CS VILA APARECIDA,Continente,91,PERC_ENCAMINHAMENTO,2015/2016,8,-48.58532,-27.605816,"Coordenador: Cilane Edecia Bauer<br>Horários: 08:00 - 12:00 / 13:00 - 17:00<br>Endereço: R. Fermino Costa, 284. <br>T: (48) 3248-1611/ 3244-6724"
